-- MySQL dump 10.13  Distrib 8.0.18, for Linux (x86_64)
--
-- Host: localhost    Database: Company
-- ------------------------------------------------------
-- Server version	8.0.18

/*!40101 SET @OLD_CHARACTER_SET_CLIENT=@@CHARACTER_SET_CLIENT */;
/*!40101 SET @OLD_CHARACTER_SET_RESULTS=@@CHARACTER_SET_RESULTS */;
/*!40101 SET @OLD_COLLATION_CONNECTION=@@COLLATION_CONNECTION */;
/*!50503 SET NAMES utf8mb4 */;
/*!40103 SET @OLD_TIME_ZONE=@@TIME_ZONE */;
/*!40103 SET TIME_ZONE='+00:00' */;
/*!40014 SET @OLD_UNIQUE_CHECKS=@@UNIQUE_CHECKS, UNIQUE_CHECKS=0 */;
/*!40014 SET @OLD_FOREIGN_KEY_CHECKS=@@FOREIGN_KEY_CHECKS, FOREIGN_KEY_CHECKS=0 */;
/*!40101 SET @OLD_SQL_MODE=@@SQL_MODE, SQL_MODE='NO_AUTO_VALUE_ON_ZERO' */;
/*!40111 SET @OLD_SQL_NOTES=@@SQL_NOTES, SQL_NOTES=0 */;

--
-- Table structure for table `DEPT`
--

DROP TABLE IF EXISTS `DEPT`;
/*!40101 SET @saved_cs_client     = @@character_set_client */;
/*!50503 SET character_set_client = utf8mb4 */;
CREATE TABLE `DEPT` (
  `DID` int(11) NOT NULL,
  `DNAME` varchar(20) NOT NULL,
  `DLOC` varchar(30) NOT NULL,
  PRIMARY KEY (`DID`)
) ENGINE=InnoDB DEFAULT CHARSET=utf8mb4 COLLATE=utf8mb4_0900_ai_ci;
/*!40101 SET character_set_client = @saved_cs_client */;

--
-- Dumping data for table `DEPT`
--

LOCK TABLES `DEPT` WRITE;
/*!40000 ALTER TABLE `DEPT` DISABLE KEYS */;
INSERT INTO `DEPT` VALUES (10,'ACCOUNTING','NEW-YORK'),(20,'RESEARCH','DALLAS'),(30,'SALES','CHICAGO'),(40,'OPERATIONS','BOSTON');
/*!40000 ALTER TABLE `DEPT` ENABLE KEYS */;
UNLOCK TABLES;

--
-- Table structure for table `EMP`
--

DROP TABLE IF EXISTS `EMP`;
/*!40101 SET @saved_cs_client     = @@character_set_client */;
/*!50503 SET character_set_client = utf8mb4 */;
CREATE TABLE `EMP` (
  `EID` int(11) NOT NULL,
  `ENAME` varchar(20) NOT NULL,
  `JOB` varchar(20) NOT NULL,
  `MGR` int(11) DEFAULT NULL,
  `HIRED` date NOT NULL,
  `SAL` decimal(6,2) NOT NULL,
  `COMM` decimal(6,2) DEFAULT NULL,
  `DID` int(11) DEFAULT NULL,
  PRIMARY KEY (`EID`),
  KEY `EMP_FK_MNGR` (`MGR`),
  KEY `EMP_FK_DID` (`DID`),
  CONSTRAINT `EMP_FK_DID` FOREIGN KEY (`DID`) REFERENCES `DEPT` (`DID`),
  CONSTRAINT `EMP_FK_MNGR` FOREIGN KEY (`MGR`) REFERENCES `EMP` (`EID`)
) ENGINE=InnoDB DEFAULT CHARSET=utf8mb4 COLLATE=utf8mb4_0900_ai_ci;
/*!40101 SET character_set_client = @saved_cs_client */;

--
-- Dumping data for table `EMP`
--

LOCK TABLES `EMP` WRITE;
/*!40000 ALTER TABLE `EMP` DISABLE KEYS */;
INSERT INTO `EMP` VALUES (7369,'SMITH','CLERK',7902,'1980-12-17',800.00,NULL,20),(7499,'ALLEN','SALESMAN',7698,'1981-02-20',1600.00,300.00,30),(7521,'WARD','SALESMAN',7698,'1981-02-22',1250.00,500.00,30),(7566,'JONES','MANAGER',7839,'1981-04-02',2975.00,NULL,20),(7654,'MARTIN','SALESMAN',7698,'1981-09-28',1250.00,1400.00,30),(7698,'BLAKE','MANAGER',7839,'1981-05-01',2850.00,NULL,30),(7782,'CLARK','MANAGER',7839,'1981-06-09',2450.00,NULL,10),(7788,'SCOTT','ANALYST',7566,'1981-11-09',3000.00,NULL,20),(7839,'KING','PRESIDENT',NULL,'1981-11-17',5000.00,NULL,NULL),(7844,'TURNER','SALESMAN',7698,'1981-09-08',1500.00,0.00,30),(7876,'ADAMS','CLERK',7788,'1981-09-23',1100.00,NULL,20),(7900,'JAMES','CLERK',7698,'1981-12-03',950.00,NULL,30),(7902,'FORD','ANALYST',7566,'1981-12-03',3000.00,NULL,20),(7934,'MILLER','CLERK',7782,'1982-01-23',1300.00,NULL,10),(8000,'SMITH','MANAGER',7839,'1980-12-17',3000.00,NULL,10);
/*!40000 ALTER TABLE `EMP` ENABLE KEYS */;
UNLOCK TABLES;

--
-- Table structure for table `MISSION`
--

DROP TABLE IF EXISTS `MISSION`;
/*!40101 SET @saved_cs_client     = @@character_set_client */;
/*!50503 SET character_set_client = utf8mb4 */;
CREATE TABLE `MISSION` (
  `MID` int(11) NOT NULL,
  `EID` int(11) NOT NULL,
  `CNAME` varchar(30) NOT NULL,
  `MLOC` varchar(30) NOT NULL,
  `ENDD` date DEFAULT NULL,
  PRIMARY KEY (`MID`),
  KEY `MISSION_FK_EID` (`EID`),
  CONSTRAINT `MISSION_FK_EID` FOREIGN KEY (`EID`) REFERENCES `EMP` (`EID`)
) ENGINE=InnoDB DEFAULT CHARSET=utf8mb4 COLLATE=utf8mb4_0900_ai_ci;
/*!40101 SET character_set_client = @saved_cs_client */;

--
-- Dumping data for table `MISSION`
--

LOCK TABLES `MISSION` WRITE;
/*!40000 ALTER TABLE `MISSION` DISABLE KEYS */;
INSERT INTO `MISSION` VALUES (209,7654,'BMW','BERLIN','2011-02-09'),(212,7698,'MacDo','CHICAGO','2011-03-04'),(213,7902,'Oracle','DALLAS','2011-04-11'),(214,7900,'Fidal','PARIS','2011-06-07'),(216,7698,'IBM','CHICAGO','2011-02-09'),(218,7499,'Decathlon','LYON','2011-12-24'),(219,7782,'BMW','CHICAGO','2011-08-16'),(220,7369,'IBM','LONDON','2015-06-20'),(300,8000,'ECE','PARIS','2018-06-11');
/*!40000 ALTER TABLE `MISSION` ENABLE KEYS */;
UNLOCK TABLES;
/*!40103 SET TIME_ZONE=@OLD_TIME_ZONE */;

/*!40101 SET SQL_MODE=@OLD_SQL_MODE */;
/*!40014 SET FOREIGN_KEY_CHECKS=@OLD_FOREIGN_KEY_CHECKS */;
/*!40014 SET UNIQUE_CHECKS=@OLD_UNIQUE_CHECKS */;
/*!40101 SET CHARACTER_SET_CLIENT=@OLD_CHARACTER_SET_CLIENT */;
/*!40101 SET CHARACTER_SET_RESULTS=@OLD_CHARACTER_SET_RESULTS */;
/*!40101 SET COLLATION_CONNECTION=@OLD_COLLATION_CONNECTION */;
/*!40111 SET SQL_NOTES=@OLD_SQL_NOTES */;

-- Dump completed on 2019-12-02 14:10:35
